<!DOCTYPE struts PUBLIC 
"-//Apache Software Foundation//DTD Struts Configuration 2.0//EN"
"http://struts.apache.org/dtds/struts-2.0.dtd">

<struts>
	<constant name="struts.devMode" value="true" />
	
	<constant name="struts.mapper.action.prefix.enabled" value="true" />

	<package name="monPaquet" extends="struts-default">
	
		<global-results>
			<result>/login.jsp</result>
			<result name="input">/login.jsp</result>
			<result name="error">/login.jsp</result>
		</global-results>
	
		<action name="Afficher_login">
			<!-- la balise suivante a été déplacée dans <global-results> -->
			<!-- <result>/login.jsp</result> -->
		</action>
		
		<action name="AnalyserLogin" class="com.etudiant.actions.MaClasseAction">
			 
			<!--  les balises suivantes qui sont maintenant en commentaire
			ont été déplacées dans <global-results> -->
			<!--
			<result name="input">/login.jsp</result>
			<result name="error">/login.jsp</result> 
			--> 
			
			<result name="c_est_un_vip">/vipClub.jsp</result>
			
			<result>/loginOK.jsp</result>
		</action>
		
		<action name="AfficherIndex">
			<result>/index.jsp</result>
		</action>
		
		<action name="PartiePublique">
			<result>/publique.jsp</result>
		</action>
		
		<!--  autres actions éventuelles -->	
		
	</package>
	<!--  autres packages éventuelles -->
</struts>