<!DOCTYPE struts PUBLIC 
"-//Apache Software Foundation//DTD Struts Configuration 2.0//EN"
"http://struts.apache.org/dtds/struts-2.0.dtd">

<struts>
	<constant name="struts.devMode" value="true" />
	
	<!-- La balise suivante demande au framework Struts de tenir compte du prefix 
	'action:' qui précède les boutons submit ayant une action définie explicitement 
	(dans notre cas il s'agit des boutons 'Annuler' 'Sans connexion' qui, dans le 
	code HTML généré ont les noms précédés par action:
	name="actionAfficherIndex" et name="action:PartiePublique")
	Sans cela, ces boutons fonctionnent comme le bouton submit Connecter, c'est-à-dire
	envoient les données du formulaire vers l'URL définie par l'action du formulaire -->
	<constant name="struts.mapper.action.prefix.enabled" value="true" />

	<!-- définir un ensemble d'actions -->
	<package name="monPaquet" extends="struts-default">
	
		<!-- L'url AfficherLogin est utilisé par le lien <a> présent dans la 
		page index.jsp. Quand l'utilisateur clique ce lien il doit TOUJOURS et 
		SANS CONDITION être acheminé vers la vue login.jsp 
		Je n'ai pas besoin d'une classe d'action (qui devrait donc toujours retourner
		"success") pour faire cela.
		On a donc à faire à une action sans classe d'action.
		On envoie directement la vue login.jsp à l'aide de la balise <result> 
		-->
		<action name="Afficher_login">
			<result>/login.jsp</result>
		</action>
		
		
		<action name="AnalyserLogin" class="com.etudiant.actions.MaClasseAction">
			<!--  câbler tous les retours possibles de la méthode execute()
			 de la classe d'action -->
			 
			<result name="input">/login.jsp</result>
			<result name="error">/login.jsp</result>
			<result name="c_est_un_vip">/vipClub.jsp</result>
			
			<result>/loginOK.jsp</result>
		</action>
		
		<action name="AfficherIndex">
			<result>/index.jsp</result>
		</action>
		
		<action name="PartiePublique">
			<result>/publique.jsp</result>
		</action>
		
		<!--  autres actions éventuelles -->	
		
	</package>
	<!--  autres packages éventuelles -->
</struts>