<!DOCTYPE struts PUBLIC 
"-//Apache Software Foundation//DTD Struts Configuration 2.0//EN"
"http://struts.apache.org/dtds/struts-2.0.dtd">

<struts>
	<constant name="struts.devMode" value="true" />
	
	<constant name="struts.mapper.action.prefix.enabled" value="true" />

	<package name="monPaquet" extends="struts-default">
	
		<action name="Afficher_login">
			<result>/login.jsp</result>
		</action>
		
		
		<action name="AnalyserLogin" class="com.etudiant.actions.MaClasseAction">
			<!--  câbler tous les retours possibles de la méthode execute()
			 de la classe d'action -->
			 
			<result name="input">/login.jsp</result>
			<result name="error">/login.jsp</result>
			<result name="c_est_un_vip">/vipClub.jsp</result>
			
			<!-- <result>/loginOK.jsp</result> -->
			<!-- si les informations de login sont correctes,
			j'envoie l'utilisateur vers une autre action
			Dans ces cas:
				- la balise <result> contient le nom de l'action et non pas
					le nom de la vue
				- le nom de l'action n'est pas précédé par /	
				- le type du <result> est "redirectAction"
				- l'action dont le nom est donné doit exister
			-->			
			<result type="redirectAction">/UtilisateurConnecte</result>
		</action>
		
		<!--  créer l'action UtilisateurConnecte référencée plus haut -->
		<action name="UtilisateurConnecte">
			<result>/loginOK.jsp</result>
		</action>
		
		<action name="AfficherIndex">
			<result>/index.jsp</result>
		</action>
		
		<action name="PartiePublique">
			<result>/publique.jsp</result>
		</action>
		
		<!--  autres actions éventuelles -->	
		
	</package>
	<!--  autres packages éventuelles -->
</struts>