<!DOCTYPE struts PUBLIC 
"-//Apache Software Foundation//DTD Struts Configuration 2.0//EN"
"http://struts.apache.org/dtds/struts-2.0.dtd">

<struts>
	<constant name="struts.devMode" value="true" />

	<!-- définir un ensemble d'actions -->
	<package name="monPaquet" extends="struts-default">
		<action name="MonAction" class="com.etudiant.actions.MaClasseAction">

			<!-- comme la méthode execute() de cette action peut 
			retourner des chaînes de caractères différentes, je dois mapper
			chaque réponse possible sur une vue qui sera envoyée au client
			Dans notre cas, l'action ne retourne qu'une seule réponse qui est
			"success" -->
			<result>/MaPage.jsp</result>

		</action>
		
		<!--  si rien n'est précisé dans la balise <result> 
		elle va envoyer la vue en question pour le résultat "success"
		Elle est donc configurée, par défaut, pour la chaîne de retour
		"success" -->
		
		
		
	</package>
</struts>