<!DOCTYPE struts PUBLIC 
"-//Apache Software Foundation//DTD Struts Configuration 2.0//EN"
"http://struts.apache.org/dtds/struts-2.0.dtd">

<struts>
	<constant name="struts.devMode" value="true" />

	<constant name="struts.mapper.action.prefix.enabled" value="true" />

	<package name="monPaquet" extends="struts-default">
	
		<!--  préciser la référence sur l'action qui doit être considérée 
		comme action par défaut -->
		<default-action-ref name="EnDeveloppement" />
		
		<!-- définir l'action EnDeveloppement -->
		<action name="EnDeveloppement">
			<result>/enConstruction.jsp</result>
		</action>
		
		<action name="Afficher_login">
			<result>/login.jsp</result>
		</action>
		
		<action name="AnalyserLogin" class="com.etudiant.actions.MaClasseAction">
			 
			<result name="input">/login.jsp</result>
			<result name="error">/login.jsp</result>
			<result name="c_est_un_vip">/vipClub.jsp</result>
			
			<result>/loginOK.jsp</result>
		</action>
		
		<action name="AfficherIndex">
			<result>/index.jsp</result>
		</action>
		
		<action name="PartiePublique">
			<result>/publique.jsp</result>
		</action>
		
		<!--  autres actions éventuelles -->	
		
	</package>
	<!--  autres packages éventuelles -->
</struts>