<!DOCTYPE struts PUBLIC 
"-//Apache Software Foundation//DTD Struts Configuration 2.0//EN"
"http://struts.apache.org/dtds/struts-2.0.dtd">

<struts>
	<constant name="struts.devMode" value="true" />

	<constant name="struts.mapper.action.prefix.enabled" value="true" />

	<package name="monPaquet" extends="struts-default">
	
		<!-- définir 2 nouveaux types de résultats -->
		<result-types>
			<result-type name="dirigerVersJsp" 
				class="org.apache.struts2.result.ServletDispatcherResult" />
			<result-type name="dirigerVersAction" 
				class="org.apache.struts2.result.ServletActionRedirectResult" />
		</result-types>
	
		<action name="Afficher_login">
			<result type="dirigerVersJsp">/login.jsp</result>
		</action>
		
		<action name="AnalyserLogin" class="com.etudiant.actions.MaClasseAction">
			 
			<result name="input" type="dirigerVersJsp">/login.jsp</result>
			<result name="error" type="dirigerVersJsp">/login.jsp</result>
			<result name="c_est_un_vip" type="dirigerVersJsp">/vipClub.jsp</result>
			
			<!-- <result>/loginOK.jsp</result> -->
			<result type="dirigerVersAction">UtilisateurConnecte</result>
		</action>
		
		<action name="UtilisateurConnecte">
			<result type="dirigerVersJsp">/loginOK.jsp</result>
		</action>
		
		<action name="AfficherIndex">
			<result>/index.jsp</result>
		</action>
		
		<action name="PartiePublique">
			<result>/publique.jsp</result>
		</action>
		
		<!--  autres actions éventuelles -->	
		
	</package>
	<!--  autres packages éventuelles -->
</struts>