<?xml version="1.0" encoding="UTF-8"?>

<!DOCTYPE struts PUBLIC 
"-//Apache Software Foundation//DTD Struts Configuration 2.0//EN"
"http://struts.apache.org/dtds/struts-2.0.dtd">

<struts>

	<package name="monPaquet" extends="struts-default">
		<action name="ExceptionDivisionParZero" 
			class="com.etudiant.actions.MaClasseAction"
			method="leverExceptionDivisionParZero">
			
			<result>/loginOK.jsp</result>
			<result name="rstDivisionZero">/exDivZero.jsp</result>
			<result name="rstIndex">/exIndex.jsp</result>
		
			<!-- Définir toutes les exceptions qui pourraient être 
			levées par la méthode leverExceptionDivisionParZero() -->
			
			<!--  si la méthode lève une exception de division par zéro
			qui est une exception de classe java.lang.ArithmeticException
			le string de retour sera "rstDivisionZero" -->
			<exception-mapping result="rstDivisionZero" 
				exception="java.lang.ArithmeticException" />
			
			<exception-mapping result="rstIndex" 
				exception="java.lang.ArrayIndexOutOfBoundsException" />
				
		</action>	
		
		<action name="ExceptionTranstypage"
				class="com.etudiant.actions.MaClasseAction"
				method="leverExceptionTranstypage" >
			<result>/loginOK.jsp</result>
			<result name="rstTranstypage">/exTranstypage.jsp</result>
			<result name="rstIndex">/exIndex.jsp</result>
			<result name="rstDivisionZero">/exDivZero.jsp</result>
			
			<exception-mapping result="rstTranstypage" 
				exception="java.lang.ClassCastException" />
			<exception-mapping result="rstIndex" 
				exception="java.lang.ArrayIndexOutOfBoundsException" />
			<exception-mapping result="rstDivisionZero" 
				exception="java.lang.ArithmeticException" />
		</action>
		
		<action name="ExceptionIndex" 
			class="com.etudiant.actions.MaClasseAction"
			method="leverExceptionIndex">
			
			<result>/loginOK.jsp</result>
			<result name="rstIndex">/exIndex.jsp</result>
			<result name="rstDivisionZero">/exDivZero.jsp</result>
			
			<exception-mapping result="rstIndex"
				exception="java.lang.ArrayIndexOutOfBoundsException" />
				                     
			<exception-mapping result="rstDivisionZero" 
				exception="java.lang.ArithmeticException" />	
		</action>
		
		<action name="ExceptionInattendue" 
			class="com.etudiant.actions.MaClasseAction"
			method="leverExceptionInattendue">
			<result>/loginOK.jsp</result>
			<result name="rstInattendu">/exInattendue.jsp</result>
		
			<exception-mapping result="rstInattendu"
				exception="java.lang.Exception" />
		</action>
	</package>

</struts>