<!DOCTYPE struts PUBLIC 
"-//Apache Software Foundation//DTD Struts Configuration 2.0//EN"
"http://struts.apache.org/dtds/struts-2.0.dtd">

<struts>
	<constant name="struts.devMode" value="true" />

	<constant name="struts.mapper.action.prefix.enabled" value="true" />

	<constant name="struts.action.extension" value="do" />

	<package name="monPaquet" extends="struts-default">
	
		<action name="Afficher_login">
			<result>/login.jsp</result>
		</action>
		
		
		<action name="AnalyserLogin" class="com.etudiant.actions.MaClasseAction">
			<!--  câbler tous les retours possibles de la méthode execute()
			 de la classe d'action -->
			 
			<result name="input">/login.jsp</result>
			<result name="error">/login.jsp</result>
			<result name="c_est_un_vip">/vipClub.jsp</result>
			
			<result>/loginOK.jsp</result>
		</action>
		
		<action name="AfficherIndex">
			<result>/index.jsp</result>
		</action>
		
		<action name="PartiePublique">
			<result>/publique.jsp</result>
		</action>
		
		<!--  autres actions éventuelles -->	
		
	</package>
	<!--  autres packages éventuelles -->
</struts>