<?xml version="1.0" encoding="UTF-8"?>

<!DOCTYPE struts PUBLIC 
"-//Apache Software Foundation//DTD Struts Configuration 2.0//EN"
"http://struts.apache.org/dtds/struts-2.0.dtd">

<struts>

	<package name="monPaquet" extends="struts-default">
	
		<global-results>
			<result>/loginOK.jsp</result>
			<result name="rstDivisionZero">/exDivZero.jsp</result>
			<result name="rstIndex">/exIndex.jsp</result>
			<result name="rstTranstypage">/exTranstypage.jsp</result>
			<result name="rstInattendu">/exInattendue.jsp</result>
		</global-results>
		
		<global-exception-mappings>
			<exception-mapping result="rstDivisionZero" 
				exception="java.lang.ArithmeticException" />
				
			<exception-mapping result="rstIndex" 
			exception="java.lang.ArrayIndexOutOfBoundsException" />
			
			<exception-mapping result="rstTranstypage" 
				exception="java.lang.ClassCastException" />
				
			<exception-mapping result="rstInattendu" 
				exception="java.lang.Exception" />
		</global-exception-mappings>

		<action name="ExceptionDivisionParZero" 
			class="com.etudiant.actions.MaClasseAction"
			method="leverExceptionDivisionParZero" />
		
		<action name="ExceptionTranstypage"
				class="com.etudiant.actions.MaClasseAction"
				method="leverExceptionTranstypage" />
		
		<action name="ExceptionIndex" 
			class="com.etudiant.actions.MaClasseAction"
			method="leverExceptionIndex" />	
		
		<action name="ExceptionInattendue" 
			class="com.etudiant.actions.MaClasseAction"
			method="leverExceptionInattendue" />

	</package>

</struts>