<!DOCTYPE struts PUBLIC 
"-//Apache Software Foundation//DTD Struts Configuration 2.0//EN"
"http://struts.apache.org/dtds/struts-2.0.dtd">

<struts>
	<constant name="struts.devMode" value="true" />
	
	<constant name="struts.mapper.action.prefix.enabled" value="true" />

	<package name="monPaquet" extends="struts-default">
	
		<action name="Afficher_login">
			<result>/login.jsp</result>
		</action>
		
		<!-- préciser la méthode de la classe d'action qui remplace la méthode par défaut execute() -->
		<action name="AnalyserLogin" 
			class="com.etudiant.actions.MaClasseAction"
			method="maMethodeExecute" >
			 
			<result name="input">/login.jsp</result>
			<result name="error">/login.jsp</result>
			<result name="c_est_un_vip">/vipClub.jsp</result>
			
			<result>/loginOK.jsp</result>
		</action>
		
		<action name="AfficherIndex">
			<result>/index.jsp</result>
		</action>
		
		<action name="PartiePublique">
			<result>/publique.jsp</result>
		</action>
		
		<!--  autres actions éventuelles -->	
		
	</package>
	<!--  autres packages éventuelles -->
</struts>